sno,Srno,data_set_id,Magnitude Spectrum Overall Standard Deviation,Power Spectrum Overall Standard Deviation,Spectral Centroid Overall Standard Deviation,Zero Crossings Overall Standard Deviation,Derivative of Zero Crossings Overall Standard Deviation,Standard Deviation of Zero Crossings Overall Standard Deviation,Derivative of Running Mean of Zero Crossings Overall Standard Deviation,Derivative of Standard Deviation of Zero Crossings Overall Standard Deviation,Beat Histogram Overall Standard Deviation,Strongest Beat Overall Standard Deviation,Derivative of Strongest Beat Overall Standard Deviation,Running Mean of Strongest Beat Overall Standard Deviation,Derivative of Running Mean of Strongest Beat Overall Standard Deviation,Beat Sum Overall Standard Deviation,Derivative of Beat Sum Overall Standard Deviation,Running Mean of Beat Sum Overall Standard Deviation,Derivative of Running Mean of Beat Sum Overall Standard Deviation,Standard Deviation of Strongest Frequency Via Zero Crossings Overall Standard Deviation,Derivative of Running Mean of Strongest Frequency Via Zero Crossings Overall Standard Deviation,Derivative of Standard Deviation of Strongest Frequency Via Zero Crossings Overall Standard Deviation,Strongest Frequency Via Spectral Centroid Overall Standard Deviation,Derivative of Strongest Frequency Via Spectral Centroid Overall Standard Deviation,Standard Deviation of Strongest Frequency Via Spectral Centroid Overall Standard Deviation,Derivative of Running Mean of Strongest Frequency Via Spectral Centroid Overall Standard Deviation,Strongest Frequency Via FFT Maximum Overall Standard Deviation,Derivative of Strongest Frequency Via FFT Maximum Overall Standard Deviation,Running Mean of Strongest Frequency Via FFT Maximum Overall Standard Deviation,Standard Deviation of Strongest Frequency Via FFT Maximum Overall Standard Deviation,Derivative of Running Mean of Strongest Frequency Via FFT Maximum Overall Standard Deviation,Derivative of Standard Deviation of Strongest Frequency Via FFT Maximum Overall Standard Deviation,MFCC Overall Standard Deviation,Derivative of MFCC Overall Standard Deviation,Standard Deviation of MFCC Overall Standard Deviation,Derivative of Running Mean of MFCC Overall Standard Deviation,Derivative of Standard Deviation of MFCC Overall Standard Deviation,Derivative of Standard Deviation of LPC Overall Standard Deviation,Peak Detection Overall Standard Deviation,Partial Based Spectral Centroid Overall Standard Deviation,Running Mean of Partial Based Spectral Centroid Overall Standard Deviation,Standard Deviation of Partial Based Spectral Centroid Overall Standard Deviation,Derivative of Running Mean of Partial Based Spectral Centroid Overall Standard Deviation,Derivative of Standard Deviation of Partial Based Spectral Centroid Overall Standard Deviation,Derivative of Peak Based Spectral Smoothness Overall Standard Deviation,Standard Deviation of Peak Based Spectral Smoothness Overall Standard Deviation,Derivative of Running Mean of Peak Based Spectral Smoothness Overall Standard Deviation,Derivative of Standard Deviation of Peak Based Spectral Smoothness Overall Standard Deviation,Relative Difference Function Overall Standard Deviation,Derivative of Relative Difference Function Overall Standard Deviation,Running Mean of Relative Difference Function Overall Standard Deviation,Derivative of Running Mean of Relative Difference Function Overall Standard Deviation,Derivative of Standard Deviation of Relative Difference Function Overall Standard Deviation,Magnitude Spectrum Overall Average,Power Spectrum Overall Average,FFT Bin Frequency Labels Overall Average,Spectral Centroid Overall Average,Derivative of Spectral Centroid Overall Average,Running Mean of Spectral Centroid Overall Average,Standard Deviation of Spectral Centroid Overall Average,Derivative of Running Mean of Spectral Centroid Overall Average,Standard Deviation of Spectral Rolloff Point Overall Average,Derivative of Standard Deviation of Spectral Rolloff Point Overall Average,Spectral Flux Overall Average,Running Mean of Spectral Flux Overall Average,Standard Deviation of Spectral Flux Overall Average,Derivative of Running Mean of Spectral Flux Overall Average,Derivative of Standard Deviation of Spectral Flux Overall Average,Compactness Overall Average,Derivative of Compactness Overall Average,Running Mean of Compactness Overall Average,Derivative of Running Mean of Compactness Overall Average,Standard Deviation of Spectral Variability Overall Average,Standard Deviation of Zero Crossings Overall Average,Derivative of Running Mean of Zero Crossings Overall Average,Standard Deviation of Strongest Beat Overall Average,Derivative of Running Mean of Strongest Beat Overall Average,Derivative of Standard Deviation of Strongest Beat Overall Average,Beat Sum Overall Average,Derivative of Beat Sum Overall Average,Running Mean of Beat Sum Overall Average,Derivative of Running Mean of Beat Sum Overall Average,Derivative of Standard Deviation of Beat Sum Overall Average,Running Mean of Strength Of Strongest Beat Overall Average,Strongest Frequency Via Zero Crossings Overall Average,Derivative of Strongest Frequency Via Zero Crossings Overall Average,Running Mean of Strongest Frequency Via Zero Crossings Overall Average,Derivative of Running Mean of Strongest Frequency Via Zero Crossings Overall Average,Derivative of Standard Deviation of Strongest Frequency Via Zero Crossings Overall Average,Strongest Frequency Via Spectral Centroid Overall Average,Derivative of Strongest Frequency Via Spectral Centroid Overall Average,Running Mean of Strongest Frequency Via Spectral Centroid Overall Average,Derivative of Running Mean of Strongest Frequency Via Spectral Centroid Overall Average,Derivative of Standard Deviation of Strongest Frequency Via Spectral Centroid Overall Average,Strongest Frequency Via FFT Maximum Overall Average,Running Mean of Strongest Frequency Via FFT Maximum Overall Average,Derivative of Running Mean of Strongest Frequency Via FFT Maximum Overall Average,Standard Deviation of MFCC Overall Average,Derivative of Running Mean of MFCC Overall Average,Derivative of Method of Moments Overall Average,Derivative of Running Mean of Method of Moments Overall Average,Peak Detection Overall Average,Partial Based Spectral Centroid Overall Average,Standard Deviation of Peak Based Spectral Smoothness Overall Average,Derivative of Running Mean of Peak Based Spectral Smoothness Overall Average,Derivative of Standard Deviation of Relative Difference Function Overall Average,Log of ConstantQ Overall Average,Navarasa,Cluster,Belonging to C-0,Belonging to C-1
0,0,C:\Users\vinee\Downloads\wav_files\wav_files\karuna_trimmed\karuna__1.wav,0.001143195,0.016770962,5.468,14.1,8.44,98.71,0.1757,1.756,0.517932164,16.33,9.192,10.21,0.2116,85.6,1.445,83.11,0.6222,1542,2.745,27.44,170.9,95.11,1230,2.145,163.8,175.4,73.37,731.9,2.25,22.37,3.325384615,1.980846154,26.656,0.04439,0.6423,0.004343,0.008006111,0.6049,0.3642,3.642,0.007612,0.0761,26.99,167.2,0.37,3.699,1.225,1.666,0.2112,0.01756,0.1754,0.001019382,0.007392037,4000.000078,16.13,-0.0001448,16.16,161.5,-0.0001459,0.9847,5.56E-06,0.0008195,0.0008204,0.008155,-1.42E-08,-1.39E-07,1705,-0.009078,1705,0.0004473,0.03466,367.2,-5.93E-05,2141,-0.001203,-0.01204,477.3,-0.006483,478.2,-0.004315,-0.04314,0.009186,572.8,-0.01194,573.9,-0.0009268,-0.009377,503.9,-0.004524,504.9,-0.00456,-0.04564,379.8,379.7,-0.0193,339.2375,9.51E-05,30.52265574,-192.0887868,0.006092043,1.039,497.1,0.002548,0.0003218,-50,1,1,0.357427678,0.642572322
1,1,C:\Users\vinee\Downloads\wav_files\wav_files\karuna_trimmed\karuna__10.wav,0.002613826,0.064636974,12.43,27.07,17.97,108.7,0.368,3.651,1.194456725,20.17,8.214,14.82,0.2185,196.9,3.937,192,1.348,1698,5.75,57.04,388.5,283.9,1560,5.313,354.3,301.2,161.3,1609,4.742,47.13,4.228307692,2.627076923,30.53,0.057256154,1.478,0.017076667,0.02562,1.143,0.2614,2.57,0.01615,0.1572,35.66,79.26,0.4756,4.738,1.261,1.659,0.1745,0.01766,0.1764,0.001561174,0.017749076,4000.000078,20.36,-0.0008473,20.37,203.5,-0.003366,1.112,-0.0002123,0.002799,0.002819,0.028,-2.65E-07,-2.65E-06,1675,-0.2561,1676,-0.01071,0.05255,458.2,-0.007621,2102,0.003471,0.03471,1106,0.01092,1108,0.04103,0.4102,0.00921,716.4,-0.08303,716.9,-0.1191,-1.188,636.2,-0.02648,636.7,-0.1052,-1.049,513,513.4,-0.104,1063,-5.74E-05,845.3226186,-65.94873021,0.006051185,0.925,453,-0.003472,0.0001452,-50,1,1,0.40274156,0.59725844
2,2,C:\Users\vinee\Downloads\wav_files\wav_files\karuna_trimmed\karuna__11.wav,0.005380025,0.189173582,14.74,28.66,15.22,195.4,0.3363,3.363,16.13710526,27,9.922,16.48,0.3242,2744,13.75,2632,10.37,3053,5.255,52.55,460.6,228.3,3383,5.079,669.6,584.6,400.9,4008,8.115,80.94,3.625384615,2.029538462,129.5,0.044440769,1.86,0.007032667,0.024732,1.591,0.8542,8.55,0.02094,0.2093,49.31,287.7,0.7562,7.555,1.379,1.661,0.3652,0.0192,0.1918,0.00339655,0.042736278,4000.000078,32.88,0.003818,32.86,328.5,0.004167,2.149,0.0001863,0.008177,0.008138,0.08106,3.56E-06,3.55E-05,1662,-0.1764,1663,0.002773,0.06742,766.4,0.007017,2119,0.00317,0.03181,2505,1.412,2460,1.542,15.42,0.009844,1198,-0.07197,1198,0.1096,1.096,1028,0.1193,1027,0.1302,1.302,762.5,760.9,0.1712,852,0.00024384,-227.7488205,-60.64194774,0.009218717,2.837,1053,0.006486,-0.001299,-50,1,1,0.315522118,0.684477882
3,3,C:\Users\vinee\Downloads\wav_files\wav_files\karuna_trimmed\karuna__12.wav,0.002267223,0.044470375,9.611,21.6,16.74,80.8,0.3002,2.99,0.730711696,14.78,6.476,11.04,0.1643,119.2,2.836,112.1,1.039,1262,4.691,46.71,300.3,278.4,1082,4.145,317.3,298.6,135.1,1351,4.358,43.37,3.757230769,2.682769231,26.085,0.051766923,1.02875,0.017883333,0.01588,0.7685,0.1873,1.862,0.01078,0.1062,31.16,76.49,0.4151,4.146,1.28,1.652,0.1989,0.01802,0.1799,0.001653233,0.015075105,4000.000078,17.38,-5.42E-05,17.39,173.7,-0.000169,1.09,9.94E-06,0.002478,0.002491,0.02474,1.66E-07,1.67E-06,1678,-0.1407,1678,-0.01062,0.04902,453.8,-0.0001141,2169,-0.0002539,-0.00254,977,0.04416,978.4,0.02857,0.2857,0.009189,709,-0.04451,709.8,-0.001783,-0.01773,543.3,-0.001692,543.5,-0.00528,-0.05289,407.7,407.7,-0.01366,579.385,0.000288513,120.2179188,241.1360134,0.006382254,1.155,541.3,0.001072,-0.001435,-50,1,1,0.317086369,0.682913631
4,4,C:\Users\vinee\Downloads\wav_files\wav_files\karuna_trimmed\karuna__13.wav,0.001921465,0.041247207,9.204,20.66,13.81,113.7,0.2595,2.589,1.563315205,30.04,8.21,24.98,0.3051,264.3,2.568,260.1,1.289,1777,4.055,40.45,287.6,202,1682,3.503,273,225.9,135.6,1355,3.506,34.96,3.746153846,2.345538462,72.64,0.047586923,1.5,0.0033425,0.017116667,0.8006,0.2979,2.974,0.01125,0.1116,29.56,103.6,0.4294,4.29,1.4,1.649,0.4371,0.01886,0.1884,0.001175927,0.009416168,4000.000078,15.89,-0.000182,15.92,159.1,1.74E-05,0.9399,-4.60E-06,0.00151,0.00152,0.01496,4.73E-08,4.62E-07,1750,-0.1295,1749,-0.01397,0.03622,399.7,-4.97E-06,2030,0,0,556.8,0.01811,559.5,0.01421,0.1422,0.009586,623.9,-0.04877,625,-7.76E-05,-0.0007547,496.6,-0.005688,497.6,0.0005448,0.005524,350.7,351.3,-0.001863,1132,2.90E-05,-623.7918184,249.8707496,0.003785644,1.171,527.8,-0.0004585,-0.0009492,-50,1,1,0.323777805,0.676222195
5,5,C:\Users\vinee\Downloads\wav_files\wav_files\karuna_trimmed\karuna__14.wav,0.00100847,0.00934562,9.035,21.1,12.42,118.1,0.2851,2.848,0.187902749,5.355,4.048,1.636,0.0769,31.33,0.5082,30.74,0.2042,1845,4.455,44.51,282.3,155.2,1775,3.699,381,328.3,182.9,1828,5.26,52.44,4.686076923,2.535538462,23.045,0.060794615,0.761025,0.0187864,0.00441725,0.8735,0.2601,2.603,0.01194,0.1192,33.58,102.4,0.497,4.967,1.238,1.631,0.1851,0.01743,0.1741,0.000615528,0.002639271,4000.000078,26.32,0.001554,26.38,263.7,0.001121,1.436,6.19E-05,0.0004193,0.000422,0.004197,-5.91E-09,-5.73E-08,1675,-0.02093,1676,0.0003846,0.02066,564.4,0.002777,2200,0,0,170.1,-0.003337,170.4,0.0002269,0.002269,0.009132,880.2,0.02293,882.3,0.04338,0.4345,822.4,0.04855,824.4,0.03502,0.3507,697.9,699,0.03719,370.935,9.78E-05,1446.525717,120.9220072,0.002613744,1.109,526.1,0.002509,-8.07E-05,-50,1,1,0.32140114,0.67859886
6,6,C:\Users\vinee\Downloads\wav_files\wav_files\karuna_trimmed\karuna__15.wav,0.000518961,0.002517176,7.92,18.48,12.07,79.11,0.2513,2.509,0.051282339,11.14,5.991,5.301,0.1354,8.303,0.1874,7.955,0.07114,1236,3.926,39.2,247.5,162.1,1063,3.33,259.6,280.6,79.61,790.8,3.558,35.26,3.319923077,2.313384615,31.205,0.044925385,1.0446,0.016751,0.00414,0.6598,0.185,1.849,0.009037,0.09023,32.23,105.7,0.4165,4.16,1.244,1.647,0.1932,0.01741,0.1739,0.000436208,0.001015657,4000.000078,17.74,-0.001412,17.76,177.5,9.87E-05,1.083,4.47E-07,0.0001582,0.0001589,0.001583,2.89E-09,2.85E-08,1647,-0.1343,1647,-0.0006956,0.01269,435.4,-0.0001011,2175,-0.007162,-0.07165,65.46,0.001541,65.47,0.0009599,0.009601,0.009194,679.8,-0.09775,680.7,-0.001579,-0.01596,554.3,-0.04412,555.1,0.003085,0.0309,395,395.4,0.004126,679.415,-8.92E-05,414.7382059,33.01107322,0.001852,1.152,536.1,-0.0006719,-0.0002184,-50,1,1,0.360191154,0.639808846
7,7,C:\Users\vinee\Downloads\wav_files\wav_files\karuna_trimmed\karuna__16.wav,0.000559055,0.002628335,10.37,23.06,16.35,117.8,0.2986,2.982,0.044636433,29.01,10.56,21.97,0.3272,7.299,0.1791,6.912,0.06772,1841,4.665,46.59,324,237.4,1640,4.148,367.6,391.5,144.2,1435,4.803,47.47,3.313846154,2.209076923,31.99,0.045172308,1.413,0.0161412,0.003029111,0.9326,0.3385,3.385,0.0129,0.1286,35.74,145.1,0.4907,4.901,1.268,1.646,0.2129,0.01781,0.1779,0.000462263,0.000975034,4000.000078,20.46,-0.0004458,20.5,204.8,0.0007661,1.353,8.11E-05,0.0001462,0.0001467,0.001461,-1.58E-09,-1.53E-08,1661,-0.000767,1661,-0.004147,0.01233,510.8,0.001548,2037,-0.007524,-0.07524,63.1,-0.001705,63.15,-0.001144,-0.01144,0.009045,797.1,-0.03263,798.7,0.02418,0.2417,639.4,-0.01393,640.5,0.02394,0.2393,407.8,408.2,0.01458,1269,-3.88E-05,182.4249025,-61.2396019,0.001571148,1.387,600.2,0.002449,0.0002018,-50,1,1,0.356875723,0.643124277
8,8,C:\Users\vinee\Downloads\wav_files\wav_files\karuna_trimmed\karuna__17.wav,0.000530768,0.002562173,9.27,20.92,12.71,125.3,0.256,2.555,0.080724386,11.76,5.125,4.836,0.1681,13.26,0.206,12.85,0.09594,1958,4,39.92,289.7,157.5,1866,3.483,287.6,296.1,124.5,1238,3.794,37.66,3.532384615,1.845461538,48.47,0.046781538,1.629,0.01319575,0.003693,0.7343,0.2854,2.851,0.009948,0.09897,30.19,150.2,0.4207,4.2,1.261,1.595,0.2044,0.0179,0.1788,0.00041247,0.000935627,4000.000078,18.71,-0.0001529,18.74,187.3,-0.0004321,1.108,-3.34E-05,0.0001051,0.0001054,0.001048,1.80E-09,1.81E-08,1691,-0.1172,1691,-0.006032,0.01187,460.7,-0.0007269,2191,0,0,57.61,-0.001596,57.59,-0.001306,-0.01306,0.009287,719,-0.04472,720.3,-0.01136,-0.1128,584.6,-0.004779,585.7,-0.0135,-0.1343,402.7,402.9,-0.01036,1314,9.09E-06,-179.6108835,-39.93775701,0.001317796,1.17,536.1,-0.001979,-0.0004519,-50,1,1,0.382847773,0.617152227
9,9,C:\Users\vinee\Downloads\wav_files\wav_files\karuna_trimmed\karuna__2.wav,0.001437045,0.012688879,10.75,23.9,19.88,112.2,0.3192,3.188,0.390179532,10.27,6.99,4.85,0.1315,65.39,0.9161,64.04,0.5002,1753,4.987,49.82,335.8,327.2,1442,4.629,464.4,554.3,138.9,1387,6.515,64.92,3.624230769,2.476153846,54.29,0.046396923,1.346,0.0049295,0.005624308,1.28,0.5716,5.711,0.01679,0.1672,48.85,154.7,0.5871,5.865,1.206,1.655,0.1673,0.01709,0.1706,0.001105661,0.004509795,4000.000078,29.97,0.001094,29.93,299.2,0.0005542,1.977,2.27E-05,0.0008611,0.0008646,0.008606,-2.36E-08,-2.38E-07,1641,-0.1646,1641,-0.002859,0.02573,725.2,0.001007,2102,0.001097,0.01096,289.6,-0.001169,289.7,0.0009152,0.009151,0.009253,1134,-0.1224,1134,0.01573,0.1573,936.4,0.03418,935.5,0.01732,0.1733,614.1,613.2,0.01734,1102,-2.64E-05,1736.87128,-39.27481966,0.003163262,2.129,889.6,0.001052,9.39E-05,-50,1,1,0.344671084,0.655328916
10,10,C:\Users\vinee\Downloads\wav_files\wav_files\karuna_trimmed\karuna__3.wav,0.00166956,0.03891662,4.216,9.025,8.549,27.23,0.1299,1.296,1.197087135,29.57,12.95,18.5,0.3936,194.5,4.315,186.9,1.739,425.4,2.03,20.26,131.7,121.1,397.3,1.921,121.2,107.8,35.51,354.9,1.759,17.61,4.037461538,2.794076923,32.10366667,0.056883077,1.172233333,0.0134365,0.015727286,0.4489,0.07745,0.7756,0.006623,0.0658,20.72,33.11,0.2643,2.641,1.432,1.701,0.1981,0.02143,0.2141,0.001272949,0.018650775,4000.000078,9.413,0.00066,9.426,94.17,-0.0001147,0.4408,-6.89E-06,0.00233,0.002333,0.02299,-3.45E-08,-3.22E-07,1789,-0.02939,1788,-0.005259,0.05421,205.5,-0.0006575,2098,0,0,1126,-0.0023,1124,0.01265,0.1265,0.009372,321.3,-0.0181,321.4,-0.01027,-0.1029,294.2,0.02062,294.6,-0.003585,-0.03605,256.8,257.5,-0.0009227,460.1133333,-5.06E-05,164.173944,-19.65190884,0.005158226,0.4714,260,-0.0005944,0.0001002,-50,1,1,0.360891256,0.639108744
11,11,C:\Users\vinee\Downloads\wav_files\wav_files\karuna_trimmed\karuna__4.wav,0.000979855,0.014920986,5.611,14.99,9.438,88.56,0.189,1.888,0.565184795,18.79,8.49,10.62,0.2468,94.53,1.384,91.62,0.6858,1384,2.952,29.5,175.3,107.2,953.8,2.279,245,222.3,76.72,762.2,3.401,33.83,3.612769231,2.162461538,24.2175,0.048985385,0.703525,0.01148675,0.01253075,0.499,0.2616,2.615,0.006491,0.06487,25.25,118.1,0.3507,3.502,1.271,1.605,0.2073,0.01785,0.1784,0.000778836,0.006094584,4000.000078,13.15,0.001009,13.19,131.8,8.42E-06,0.7192,3.86E-06,0.0007133,0.0007166,0.007108,4.69E-08,4.67E-07,1708,-0.1222,1709,0.0007641,0.03121,315.3,0.0001562,2113,-0.002172,-0.02171,380.3,0.02225,380.7,0.02163,0.2164,0.00919,491.4,-0.008747,492.9,0.002441,0.02436,410.9,0.03153,412.1,0.0002631,0.002642,369.1,370.1,-0.002052,368.23,2.18E-05,-272.9262105,-1.17879416,0.004683929,0.6227,313.4,-4.98E-06,-0.0007119,-50,1,1,0.363315629,0.636684371
12,12,C:\Users\vinee\Downloads\wav_files\wav_files\karuna_trimmed\karuna__5.wav,0.000470382,0.00504462,3.471,7.2,4.368,52.82,0.0864,0.8632,0.307364327,7.78,2.728,6.518,0.08327,51.07,0.5345,49.71,0.3883,825.3,1.35,13.49,108.5,44.34,905.6,1.205,128.3,94.37,90.27,903.3,1.568,15.67,3.841153846,1.696846154,74.45,0.045959231,1.0561,0.007809833,0.0066998,0.3627,0.2235,2.239,0.004535,0.04526,17.94,89.32,0.2376,2.373,1.308,1.525,0.5621,0.01816,0.1815,0.000346576,0.001769526,4000.000078,9.47,-0.0002806,9.481,94.79,-0.0005371,0.4774,-1.71E-05,0.0001402,0.0001406,0.001397,-2.00E-10,-1.85E-09,1677,-0.01397,1677,-0.003217,0.01612,204.2,-0.0008644,2187,-1.11E-06,-1.11E-05,102.7,0.002799,102.6,0.005513,0.05514,0.01009,318.8,-0.01176,319.1,-0.01351,-0.1351,296,-0.008767,296.3,-0.01678,-0.1679,291.8,292.3,-0.0161,849.75,8.72E-05,238.8692899,-33.03771536,0.002039343,0.4754,224.5,-0.0001517,0.0003565,-50,1,1,0.381523191,0.618476809
13,13,C:\Users\vinee\Downloads\wav_files\wav_files\karuna_trimmed\karuna__6.wav,0.001885926,0.057953734,5.85,14.58,8.166,84.01,0.1904,1.892,2.001146199,27.85,11.4,13.57,0.3734,326.4,5.533,318.9,1.725,1313,2.975,29.57,182.8,101.3,1143,2.303,181.7,163.6,109.1,1090,2.327,23.09,4.732,2.250923077,31.91666667,0.062346154,0.856633333,0.006304,0.026133333,0.568,0.1691,1.683,0.008361,0.08089,19.43,86,0.3433,3.405,1.329,1.63,0.1921,0.01833,0.1832,0.001215534,0.024318157,4000.000078,15.19,0.002387,15.27,152.6,0.001347,0.739,9.63E-05,0.001675,0.001727,0.01708,-1.23E-07,-1.27E-06,1670,-0.04878,1669,-0.03809,0.06365,310.5,0.000827,2064,-0.001723,-0.01723,1527,0.194,1526,0.3719,3.718,0.009152,481,0.007054,485.5,0.01292,0.1304,474.6,0.07459,477.1,0.04209,0.4211,421,424,0.03574,440.0966667,-0.000646385,1309.540945,-122.8019349,0.005331622,0.3031,157.4,0.001681,0.0002835,-50,1,1,0.405244637,0.594755363
14,14,C:\Users\vinee\Downloads\wav_files\wav_files\karuna_trimmed\karuna__7.wav,0.003793985,0.13051106,8.571,21.56,12.29,119.6,0.2902,2.898,7.792099415,8.269,3.091,5.781,0.1054,1285,11.94,1255,8.534,1868,4.535,45.28,267.8,133.4,1609,3.576,254.9,199.6,129.7,1296,3.502,34.94,4.094461538,1.641461538,153.9,0.051741538,2.119,0.011682,0.014597188,1.215,0.6288,6.282,0.01661,0.1655,32.44,212.9,0.5909,5.898,1.471,1.623,0.5685,0.02052,0.205,0.002400268,0.032934732,4000.000078,22.59,0.0005437,22.61,226,0.000477,1.318,2.43E-05,0.003466,0.003471,0.03437,2.41E-07,2.38E-06,1867,-0.03243,1867,0.00453,0.06115,535.8,0.001012,2181,0,0,1765,0.1003,1768,0.08914,0.8914,0.01104,837.2,-0.00611,837.7,0.01582,0.1585,706,0.01699,706.4,0.01491,0.1493,482.1,482.3,0.01251,952.8,7.74E-05,-94.25104988,-138.3436056,0.006065841,1.598,653.7,0.002075,-0.0007616,-50,1,1,0.412260834,0.587739166
15,15,C:\Users\vinee\Downloads\wav_files\wav_files\karuna_trimmed\karuna__8.wav,0.002775952,0.06433571,8.554,21.5,16.95,81.74,0.2943,2.937,2.216707602,14.41,7.371,10.34,0.1724,377.2,4.174,376.1,1.197,1277,4.599,45.89,267.3,209.3,1083,3.602,264,235.5,125.2,1251,3.499,34.87,3.125923077,1.956230769,32.39,0.040917692,0.75195,0.015154333,0.009379263,0.8591,0.2813,2.808,0.01177,0.1169,35.04,111.3,0.4829,4.825,1.398,1.726,0.2408,0.02035,0.2034,0.002332231,0.023695399,4000.000078,18.09,0.003717,18.06,180.4,-0.0007831,1.061,-2.52E-05,0.00397,0.003985,0.03936,1.45E-07,1.42E-06,1686,-0.08124,1686,-0.01059,0.06035,495.3,-0.0008228,2099,-0.001927,-0.01928,1547,0.0285,1548,0.03078,0.3078,0.009083,775.2,0.003895,774.4,-0.01286,-0.1278,565.3,0.1162,564.3,-0.02447,-0.244,386.4,386,-0.02126,512.89,8.34E-05,457.1924551,215.6679412,0.006381169,1.432,665.6,0.0001117,-0.000359,-50,1,1,0.428299596,0.571700404
16,16,C:\Users\vinee\Downloads\wav_files\wav_files\karuna_trimmed\karuna__9.wav,0.001592027,0.026982808,10.19,23.16,12.57,126.9,0.3047,3.013,0.679480702,25,8.853,13.81,0.3523,108.4,1.914,101.7,0.9951,1983,4.761,47.08,318.4,195.1,1660,4.241,291.1,270.5,142.1,1420,3.87,37.92,4.315692308,1.850846154,66.285,0.058455385,1.48565,0.011270667,0.015893333,0.7975,0.3509,3.505,0.01068,0.1048,28.96,143.3,0.41,4.087,1.265,1.591,0.2523,0.01804,0.1802,0.000912174,0.007460091,4000.000078,17.14,0.001271,17.19,171.7,0.001177,0.9624,8.59E-05,0.0006009,0.0006003,0.005953,9.94E-08,9.90E-07,1735,-0.2255,1736,-0.0003272,0.03328,372.3,0.00326,2147,0,0,428,0.03095,426.4,0.05294,0.5295,0.009475,580.8,-0.0522,582.6,0.05093,0.5091,535.7,0.03973,537.3,0.03678,0.3675,427,428.4,0.0179,676.6,-7.12E-06,339.3067588,265.9793117,0.003461914,0.8353,391.4,0.004507,-0.0002646,-50,1,1,0.443854377,0.556145623
17,17,C:\Users\vinee\Downloads\wav_files\wav_files\shaanta_trimmed\shaanta__1.wav,0.002074632,0.035093686,11.97,28.64,19.98,154.5,0.3653,3.634,1.623595322,30.36,8.849,25.17,0.3134,272.3,3.119,265.7,1.877,2414,5.707,56.78,373.9,287,1706,5.085,354.7,348.5,149,1487,5.025,49.04,3.380307692,2.312384615,49.89,0.045023846,1.0647,0.00588,0.0055532,1.29,0.5602,5.589,0.01739,0.172,39.44,191.8,0.5444,5.428,1.25,1.599,0.2476,0.01789,0.1787,0.001609114,0.012148471,4000.000078,18.9,0.0003095,18.89,188.6,0.0002185,1.154,2.83E-05,0.001843,0.001842,0.01825,4.06E-08,4.11E-07,1665,-0.002265,1666,-0.0003602,0.04139,494.6,0.0007984,1969,0.0002075,0.002077,740.5,-0.0007355,739.8,-0.002289,-0.02289,0.009406,774.5,0.01142,773.7,0.01247,0.1243,590.5,0.009672,590.2,0.006828,0.06766,399.5,399.8,-0.005575,556.325,1.19E-05,166.5958532,187.0186479,0.005486985,1.498,572.2,0.0004721,-0.0001937,-50,2,1,0.434157471,0.565842529
18,18,C:\Users\vinee\Downloads\wav_files\wav_files\shaanta_trimmed\shaanta__10.wav,0.000881734,0.012290915,9.37,22.69,11.04,141.1,0.2855,2.851,0.725495906,27.89,10.61,17.06,0.3903,123,0.9779,121.5,0.5742,2205,4.461,44.55,292.8,146.7,1734,3.71,381.6,330.1,165.7,1650,5.14,51.19,4.730461538,2.402307692,62.515,0.060738462,1.1359,0.0146505,0.005546182,0.671,0.348,3.481,0.008892,0.08887,25.92,139.1,0.3916,3.915,1.384,1.612,0.4274,0.01871,0.1869,0.00050569,0.00334058,4000.000078,18.58,-0.001211,18.37,183.6,-0.002626,0.966,-0.0001818,0.0004378,0.0004393,0.004335,1.15E-07,1.13E-06,1697,0.01933,1697,-0.002875,0.02177,401.1,-0.005121,2087,-0.001535,-0.01536,201.4,0.02664,203.2,0.02463,0.2463,0.009486,634.6,-0.02912,627.1,-0.08002,-0.802,580.7,-0.03783,574.2,-0.08206,-0.822,522.3,517,-0.05767,712.64,0.000355008,72.146171,-137.8011467,0.002638238,0.7299,351.8,-0.0005475,-0.002749,-50,2,1,0.432489105,0.567510895
19,19,C:\Users\vinee\Downloads\wav_files\wav_files\shaanta_trimmed\shaanta__11.wav,0.001051195,0.011577998,7.949,20.18,13.26,82.08,0.2832,2.811,0.352296491,2.676,1.518,0.9557,0.03834,55.1,1.104,50.55,0.5106,1282,4.425,43.92,248.4,161.6,1151,3.39,179,137.7,103.8,1037,2.286,22.82,3.097307692,1.678769231,45.66,0.042944615,1.13085,0.013114333,0.010125,1.048,0.3378,3.378,0.01497,0.1475,28.79,141.1,0.4642,4.621,1.312,1.636,0.2872,0.01883,0.1881,0.000863166,0.004339531,4000.000078,15.48,-0.0002701,15.55,155.3,0.0002091,0.8818,1.38E-05,0.0004086,0.0004114,0.004082,1.98E-10,2.01E-09,1819,-0.04662,1819,-0.008503,0.02501,380.4,0.0006593,2203,0,0,255.8,0.002546,257,0.00443,0.04429,0.009718,592.4,-0.02215,595.1,0.0103,0.1024,483.7,-0.008439,485.9,0.006533,0.06492,327.3,328.9,0.007792,626.05,-4.59E-05,327.8626438,120.4032513,0.002215447,1.216,498,-0.0003193,-0.000165,-50,2,1,0.443212617,0.556787383
20,20,C:\Users\vinee\Downloads\wav_files\wav_files\shaanta_trimmed\shaanta__12.wav,0.001982367,0.037477018,9.4,21.36,13.67,81.2,0.2774,2.769,0.959745614,12.78,5.916,9.071,0.1493,159.5,2.378,155.8,0.985,1269,4.335,43.26,293.7,191.8,978.1,3.754,330.1,273.9,99.12,989.1,4.343,43.32,4.137461538,2.601230769,37.025,0.055828462,1.1435,0.013146,0.003029111,0.3627,0.07745,0.7756,0.004535,0.04526,33,97.57,0.4402,4.397,1.246,1.669,0.1906,0.01769,0.1766,0.001214089,0.01101388,4000.000078,17.8,-0.0004437,17.86,178.4,6.09E-05,1.057,4.73E-06,0.001446,0.001455,0.01445,-3.82E-09,-3.65E-08,1683,-0.1558,1684,0.0005304,0.04159,419.7,0.0003304,2112,-0.0005343,-0.005335,687.9,-0.0009759,689.7,0.0003465,0.003477,0.009341,654.7,-0.02798,656.5,0.005162,0.05168,556.4,-0.01386,558.1,0.001904,0.01907,440.5,442.3,0.004332,614.85,4.66E-05,264.3807313,43.58360384,0.004155556,0.3031,488.7,-0.0002062,2.29E-05,-50,2,1,0.427377819,0.572622181
21,21,C:\Users\vinee\Downloads\wav_files\wav_files\shaanta_trimmed\shaanta__13.wav,0.000885229,0.013190367,3.469,10.37,7.323,39.4,0.1465,1.459,0.78634386,14.28,5.923,8.205,0.1863,132.2,1.458,128.4,0.7944,615.7,2.289,22.8,108.4,69.52,499.6,1.514,148.5,114.1,61.19,611.6,2.063,20.64,3.225923077,1.770076923,53.215,0.042742308,0.96715,0.0154304,0.011363,0.4532,0.1639,1.639,0.006334,0.06299,20.64,63.34,0.2626,2.622,1.387,1.641,0.4104,0.01939,0.1938,0.00074488,0.005004719,4000.000078,12.83,0.0009193,12.83,128.2,0.0005359,0.6579,3.65E-05,0.0004907,0.0004957,0.004891,-4.55E-08,-4.51E-07,1710,-0.1583,1710,-0.01899,0.02698,300.5,0.001217,2167,0,0,304.8,-0.04159,306.9,-0.04126,-0.4126,0.009458,470.1,-0.03328,469.8,0.01902,0.1902,401.1,0.02873,400.8,0.01675,0.1675,373.4,372.8,0.02008,731.2,-0.000222034,985.6274657,241.6164535,0.002275865,0.7969,323.2,0.004416,0.001426,-50,2,1,0.458316801,0.541683199
22,22,C:\Users\vinee\Downloads\wav_files\wav_files\shaanta_trimmed\shaanta__14.wav,0.002019682,0.033351719,11.39,24.98,17.14,129,0.3241,3.226,0.634374269,16.56,6.173,13.38,0.1532,102.1,2.292,97.08,0.8939,2016,5.064,50.4,356,270,1775,4.618,404.6,389.3,172.6,1723,5.385,53.1,3.594923077,2.546538462,34.43,0.049226154,1.564,0.012850333,0.0141542,1.178,0.4986,4.983,0.01612,0.1599,40.31,176.7,0.5712,5.703,1.259,1.657,0.2212,0.01792,0.179,0.001496473,0.010965112,4000.000078,20.86,-0.001399,20.89,208.7,0.0001411,1.297,1.03E-05,0.001856,0.001854,0.01842,-8.53E-08,-8.31E-07,1679,-0.08564,1679,-0.01094,0.04049,498.6,0.0002329,2149,0.004285,0.04285,678.3,-0.001027,677.6,0.008032,0.08033,0.009254,778.5,-0.06479,779.7,0.003639,0.03653,651.8,-0.04371,652.8,0.004409,0.04408,474.8,475.7,0.0009914,1018,9.55E-05,260.4848987,-72.4164462,0.004519475,1.519,648.3,0.0007855,0.0003613,-50,2,1,0.446294751,0.553705249
23,23,C:\Users\vinee\Downloads\wav_files\wav_files\shaanta_trimmed\shaanta__15.wav,0.001475499,0.02695862,7.137,16.27,10.56,66.41,0.2249,2.205,1.598121053,13.3,5.744,6.428,0.1615,259.8,2.887,249.8,1.746,1038,3.513,34.45,223,152,915.4,3.072,193,185.8,92.05,919.7,2.65,25.73,4.022461538,1.735307692,85.065,0.053430769,1.5179,0.012185,0.013873429,0.7654,0.255,2.537,0.01068,0.103,23.3,111.4,0.3679,3.659,1.347,1.559,0.3883,0.01891,0.189,0.0011244,0.011152673,4000.000078,10.86,-0.000468,10.86,108.4,-0.0002722,0.5988,-7.35E-06,0.00089,0.0008981,0.008885,3.23E-08,3.22E-07,1753,-0.0002299,1753,0.004802,0.0405,255.5,-0.0003024,2184,0.006561,0.06561,671.3,0.08402,673.5,0.09609,0.9609,0.009998,400.2,-0.03607,399.8,-0.004725,-0.0474,339.5,-0.01462,339.4,-0.008505,-0.08511,278.7,278.5,-0.01197,682.45,0.000370817,734.5360526,345.2809618,0.004024185,0.7739,360.1,-0.000191,-0.001705,-50,2,1,0.463143203,0.536856797
24,24,C:\Users\vinee\Downloads\wav_files\wav_files\shaanta_trimmed\shaanta__2.wav,0.001531313,0.018651949,11.29,26.77,16.88,131.7,0.3474,3.463,0.244066082,9.39,6.625,4.273,0.1301,40.05,1.029,38.72,0.3248,2058,5.428,54.1,352.8,229.6,1739,4.506,400.9,364.4,138.5,1378,5.364,53.2,3.153461538,2.250692308,20.43,0.041923077,0.574966667,0.02198,0.008610667,0.9597,0.3412,3.408,0.01307,0.1298,37.96,121.6,0.5233,5.226,1.233,1.656,0.1273,0.01732,0.173,0.001189558,0.00639618,4000.000078,23,0.001089,23.01,229.9,0.001691,1.293,7.79E-05,0.001111,0.001112,0.01107,-3.45E-09,-3.61E-08,1655,0.01648,1655,0.007528,0.03187,553.7,0.003367,2176,0,0,422.2,-0.0002753,422.6,0.00299,0.0299,0.009048,864.2,0.07056,866,0.0526,0.526,718.7,0.03404,719.2,0.05285,0.5281,544.4,542.7,0.04871,391.3966667,-7.13E-06,59.58320812,263.8747576,0.003715377,1.535,685.4,0.002333,-3.66E-05,-50,2,1,0.445024599,0.554975401
25,25,C:\Users\vinee\Downloads\wav_files\wav_files\shaanta_trimmed\shaanta__3.wav,0.000471823,0.004640921,4.061,8.797,4.017,51.91,0.1148,1.148,0.23408538,55.76,14.66,43.37,0.6394,39.08,0.4518,38.08,0.2757,811.1,1.794,17.94,126.9,47.75,780.9,1.665,193.5,111.8,99.98,1000,2.623,26.25,4.907384615,1.963538462,100.62,0.064973846,1.88555,0.006536,0.006708,0.3833,0.176,1.762,0.005345,0.05348,19.17,84.75,0.2974,2.972,1.4,1.637,0.3817,0.0184,0.1839,0.000307664,0.001300844,4000.000078,10.9,-0.0001895,10.95,109.4,-0.0004382,0.6122,-2.63E-05,8.47E-05,8.54E-05,0.0008037,-1.37E-09,-1.16E-08,1804,0.009328,1805,-0.002038,0.01318,244.3,-0.001144,1538,0.008991,0.09002,70.62,-0.001099,71,-0.002035,-0.02035,0.009732,380.3,-0.01946,381.9,-0.01787,-0.1791,340.7,-0.005923,342.2,-0.01369,-0.1372,320.4,321.7,-0.01582,997.8,0.000139,386.2344578,20.56744836,0.003893992,0.6169,324.4,-0.001496,-0.0001627,-50,2,1,0.475499122,0.524500878
26,26,C:\Users\vinee\Downloads\wav_files\wav_files\shaanta_trimmed\shaanta__4.wav,0.001313005,0.009614641,13.91,33.3,16.97,185,0.5233,5.22,0.316619883,8.711,3.262,5.115,0.1253,50.36,0.8221,47.55,0.4879,2890,8.177,81.56,434.6,247.1,2252,6.705,256.3,251.3,83.6,831.7,3.603,35.32,3.268846154,1.714846154,59.235,0.048999231,1.5594,0.007975,0.0069428,1.514,0.7627,7.612,0.02356,0.2344,31.06,235.8,0.6924,6.91,1.256,1.62,0.2008,0.018,0.1798,0.001159349,0.004863804,4000.000078,17.38,-0.001108,17.52,174.9,-0.0004398,1.244,-5.97E-05,0.0004764,0.0004819,0.004792,-5.26E-09,-6.07E-08,1688,-0.00821,1687,0.01582,0.0273,467.6,-0.001491,2195,0,0,323.5,0.007747,324.4,0.01001,0.1002,0.009276,725.9,-0.07537,731.8,-0.0233,-0.2294,543,-0.03464,547.5,-0.01374,-0.1338,248.3,249.6,0.02823,609.9,0.000133665,-1600.449524,-985.1274906,0.004370238,1.686,615.8,-0.001075,-6.56E-05,-50,2,1,0.459694249,0.540305751
27,27,C:\Users\vinee\Downloads\wav_files\wav_files\shaanta_trimmed\shaanta__5.wav,0.001587155,0.024459658,7.684,18.11,12.78,70.22,0.2595,2.576,0.629852632,13.8,6.569,9.197,0.1693,99.39,2.018,87.98,0.9644,1097,4.054,40.25,240.1,168.7,966.7,3.393,237.3,222.2,89.26,889.7,3.392,33.17,3.582769231,2.012461538,43.245,0.050156923,1.31785,0.01678025,0.012173333,0.6608,0.2218,2.208,0.009282,0.09126,26.63,100.1,0.4097,4.089,1.252,1.613,0.214,0.01785,0.1783,0.0012427,0.009619085,4000.000078,11.76,0.0009261,11.65,116.4,0.001917,0.6522,0.0001067,0.001101,0.001109,0.01102,3.32E-07,3.28E-06,1680,-0.2173,1680,0.006707,0.03892,299.2,0.003599,2125,0.000679,0.006788,598.9,0.09535,597.3,0.1031,1.031,0.009347,471.6,-0.07261,468.1,0.05624,0.5643,367.6,0.02894,364.2,0.05991,0.602,297.1,293.7,0.08175,643.9,0.00020097,152.441724,-305.334647,0.003819712,0.8993,435,0.005957,-0.0006941,-50,2,1,0.455961355,0.544038645
28,28,C:\Users\vinee\Downloads\wav_files\wav_files\shaanta_trimmed\shaanta__6.wav,0.000554732,0.004346063,5.003,11.2,6.088,73.8,0.1487,1.487,0.190218889,7.656,3.685,2.5,0.1097,31.69,0.3378,30.8,0.1799,1153,2.324,23.23,156.3,71.13,1102,1.975,220.5,192,122.7,1227,2.914,29.11,3.464384615,1.773,39.115,0.045244615,0.852633333,0.004618333,0.003029111,0.3627,0.07745,0.7756,0.004535,0.04526,24.74,112.8,0.3558,3.555,1.249,1.573,0.363,0.0174,0.1738,0.00050452,0.001750013,4000.000078,16.21,-0.00294,16.27,162.7,-0.001138,0.857,-6.09E-05,0.0001753,0.0001755,0.001742,2.70E-08,2.74E-07,1671,-0.2588,1672,-0.007575,0.0167,356.7,-0.002245,2200,0,0,111.3,0.0155,111.1,0.018,0.18,0.009428,555.5,-0.1351,557.6,-0.03508,-0.3512,506.5,-0.09189,508.4,-0.03556,-0.356,483.7,486.1,-0.03637,501.7266667,0.000280752,2602.693346,-207.6887465,0.002988342,0.3031,461.5,-0.002882,-0.001987,-50,2,1,0.473924729,0.526075271
29,29,C:\Users\vinee\Downloads\wav_files\wav_files\shaanta_trimmed\shaanta__7.wav,0.000851875,0.006321804,11.72,28.61,14.16,228.2,0.2717,2.714,0.453445614,32.32,7.922,27.63,0.2911,76.91,0.4771,75.85,0.2697,3566,4.245,42.4,366.3,196.5,2822,3.608,460.8,373.7,280.1,2793,5.514,54.95,4.2,2.294307692,160,0.042703846,1.63,0.011303333,0.003029111,0.3627,0.07745,0.7756,0.004535,0.04526,36.41,288.6,0.5112,5.109,1.412,1.582,0.6634,0.01852,0.185,0.000567096,0.001790399,4000.000078,20.18,-0.001847,20.12,201.1,-0.0002478,1.16,5.32E-06,0.0002293,0.000229,0.002267,2.87E-08,2.87E-07,1641,-0.08753,1642,0.004677,0.01477,507.6,0.0003111,2038,0.003672,0.03684,105,0.01454,104.8,0.0158,0.158,0.01015,795.7,-0.07106,793.5,0.004861,0.04978,630.5,-0.05772,628.7,-0.007743,-0.07599,472.6,472.3,-0.02318,1297,0.000137409,-469.4133821,388.9790868,0.001212404,0.3031,635.2,0.001248,-0.0006707,-50,2,1,0.466117893,0.533882107
30,30,C:\Users\vinee\Downloads\wav_files\wav_files\shaanta_trimmed\shaanta__8.wav,0.00095452,0.009789212,7.655,19.93,12.22,98.14,0.2914,2.9,0.365614035,8.765,5.566,3.486,0.1222,59.99,0.9672,57.81,0.4353,1533,4.553,45.32,239.2,158.6,1178,3.491,198.4,162.9,81.02,806.5,2.807,27.86,4.336692308,2.615538462,64.47,0.061425385,1.7036,0.003303,0.0082342,0.5962,0.2707,2.702,0.008685,0.0856,21.48,113.1,0.3614,3.603,1.368,1.588,0.3099,0.01917,0.1915,0.000661556,0.003944457,4000.000078,8.571,-0.0005901,8.542,85.2,0.0006073,0.5119,2.12E-05,0.0006197,0.0006213,0.006102,1.14E-08,1.11E-07,1642,-0.08123,1642,0.0001112,0.02442,241,0.001375,2196,9.15E-05,0.0009181,236.8,0.004316,237.2,0.007072,0.07071,0.009429,378.7,-0.07017,377.4,0.02149,0.2148,267.8,-0.01844,266.9,0.01898,0.1898,188.4,187.9,0.01808,779,-6.60E-05,-311.640743,0.108074882,0.003143196,0.4893,229.8,0.0003836,-0.0003499,-50,2,1,0.48258734,0.51741266
31,31,C:\Users\vinee\Downloads\wav_files\wav_files\shaanta_trimmed\shaanta__9.wav,0.00104003,0.008745582,14.35,32.58,22,154.3,0.4338,4.312,0.312352047,28.7,10.66,21.14,0.3338,51.73,0.716,49.86,0.3565,2411,6.779,67.37,448.4,351.1,1869,6.065,373.7,413.7,91.99,913.6,5.266,51.78,3.224153846,2.404153846,54.8,0.044894615,1.716,0.007405,0.006907167,1.488,0.6828,6.828,0.01986,0.1964,42.85,238.8,0.6033,6.016,1.347,1.626,0.3167,0.01873,0.1872,0.000831502,0.002938636,4000.000078,20.76,0.001207,20.76,207.2,6.63E-06,1.301,-7.72E-06,0.0005353,0.0005394,0.00533,-4.56E-08,-4.47E-07,1654,-0.1281,1655,-0.0006561,0.01987,565.2,0.0008136,1910,0.004099,0.04103,175.6,-0.01207,176.4,-0.01271,-0.1271,0.009394,883.4,-0.0352,884.3,0.01271,0.1319,648.6,0.03771,648.8,0.0002072,0.008328,374,373.4,0.01137,1185,-3.83E-05,504.3523953,-294.0748644,0.002466853,1.667,649.3,0.001407,0.0001965,-50,2,1,0.480993735,0.519006265
32,32,C:\Users\vinee\Downloads\wav_files\wav_files\shringar_trimmed\S__1.wav,0.002675567,0.064920403,13.17,29.87,24.49,106,0.3999,3.988,2.358473684,36.62,13.63,24.16,0.4822,398.9,4.364,392.5,2.272,1656,6.248,62.32,411.6,392.3,1143,5.62,380.9,441.4,75.88,753.5,5.289,51.68,3.621,2.721538462,56.075,0.047800769,1.12285,0.01359,0.01685,1.417,0.38,3.781,0.01939,0.1925,46.78,99.2,0.6093,6.081,1.34,1.698,0.2425,0.01872,0.187,0.001660855,0.014839232,4000.000078,22.64,-0.001048,22.65,226.2,-0.000653,1.437,-6.47E-05,0.00342,0.003407,0.03379,-3.02E-07,-3.03E-06,1660,-0.0744,1660,-0.002289,0.04301,569.9,-0.001403,1787,-0.002358,-0.02359,830.9,-0.07772,825.7,-0.05301,-0.5301,0.009598,890.4,-0.1168,891.5,-0.02192,-0.2186,707.4,-0.03275,707.9,-0.02041,-0.2034,436.4,436.7,0.009115,545.52,-3.86E-05,-77.88587147,286.6675579,0.003866132,1.706,694.5,-0.001122,0.0008605,-50,3,1,0.48471312,0.51528688
33,33,C:\Users\vinee\Downloads\wav_files\wav_files\shringar_trimmed\S__10.wav,0.002305986,0.043774021,14.54,32.63,19.77,140,0.4606,4.603,0.895709357,28.08,11.78,17.47,0.3675,147.2,2.755,136.6,1.121,2187,7.197,71.93,454.3,317.7,1742,6.471,510.3,480.7,155,1547,7.277,72.45,3.954,2.408769231,50.05,0.053301538,1.532,0.01714,0.014202429,1.534,0.6137,6.129,0.02155,0.2147,46.19,192.8,0.7144,7.136,1.228,1.632,0.1965,0.01745,0.1743,0.001635753,0.01246931,4000.000078,25.42,-0.004146,25.49,254.6,-0.001825,1.636,-5.53E-05,0.002361,0.002362,0.02348,6.61E-09,9.39E-08,1630,-0.01521,1630,-0.02476,0.04202,623.3,-0.00236,2031,-0.004167,-0.04167,750,-0.09799,747.3,-0.0851,-0.8509,0.009158,971.8,-0.1089,975.1,-0.03688,-0.3704,794.4,-0.1296,796.6,-0.05705,-0.5718,555.2,554.5,-0.08937,1030,0.000140236,1061.498715,577.9173176,0.004303095,1.861,723.6,0.005143,-0.0003676,-50,3,1,0.477402241,0.522597759
34,34,C:\Users\vinee\Downloads\wav_files\wav_files\shringar_trimmed\S__11.wav,0.001880871,0.027984932,10.26,23.04,15.51,116.6,0.3222,3.219,0.507180117,17.06,8.415,11.75,0.2058,82.36,2.186,78.47,0.7567,1822,5.034,50.3,320.6,252,1468,4.494,411.1,346.7,159.9,1595,5.701,56.92,3.677461538,2.653538462,31.535,0.049434615,1.0757,0.013598667,0.014763333,0.8781,0.3518,3.518,0.01243,0.1238,37.85,126.9,0.5252,5.249,1.286,1.718,0.188,0.01785,0.1783,0.001402011,0.010320781,4000.000078,19.29,0.002167,19.29,192.7,0.002176,1.21,0.0001077,0.0016,0.001605,0.01594,9.44E-08,9.39E-07,1686,-0.3014,1686,-0.0106,0.03979,481.8,0.004356,2011,-0.004827,-0.04825,650,-0.02327,650.1,-0.02032,-0.2031,0.009176,753.3,-0.1147,753.5,0.06806,0.681,602.9,0.06772,602.9,0.068,0.6803,469.9,469.4,0.1149,571.985,-0.000113417,-1009.529487,-195.7460494,0.004136893,1.386,638.8,0.002783,3.09E-05,-50,3,1,0.47621476,0.52378524
35,35,C:\Users\vinee\Downloads\wav_files\wav_files\shringar_trimmed\S__12.wav,0.002365587,0.057870848,8.931,20.85,12.93,92.35,0.2862,2.857,2.032100585,4.216,2.619,1.328,0.06054,343,4.876,332.3,3.089,1443,4.472,44.64,279.1,185.8,1218,3.805,350,297.8,141.1,1411,4.737,46.94,3.607384615,2.422230769,35.255,0.048679231,1.00495,0.01264,0.016188,0.7152,0.2979,2.973,0.009674,0.0962,30.08,119.8,0.4422,4.419,1.244,1.664,0.2032,0.01712,0.171,0.001665921,0.019091153,4000.000078,15.1,0.0006361,15.16,151.4,0.001035,0.9484,8.20E-05,0.002127,0.002145,0.02124,3.01E-07,2.97E-06,1665,0.03859,1665,0.00683,0.05492,386,0.004056,2203,0,0,1218,0.0861,1220,0.09687,0.9687,0.009347,601.9,0.01472,603.9,0.06337,0.6329,471.8,0.01988,473.7,0.03235,0.3229,368.7,371.6,-0.002487,577.94,0.000393931,735.3776035,466.2606716,0.006042078,1.003,481.7,0.004577,-0.0007281,-50,3,1,0.485768104,0.514231896
36,36,C:\Users\vinee\Downloads\wav_files\wav_files\shringar_trimmed\S__13.wav,0.002035205,0.030202186,13.91,29.71,20.21,144.8,0.3988,3.989,0.489734503,26.86,8.439,21.79,0.3218,79.55,1.975,63.2,0.6376,2262,6.231,62.33,434.5,358.2,1892,5.96,511.6,483.4,167.2,1669,7.145,71.25,3.843769231,2.613923077,37.91,0.053548462,1.624,0.017996667,0.012694,1.304,0.4991,4.984,0.01776,0.1772,44.98,158.2,0.6378,6.374,1.237,1.658,0.1816,0.01764,0.1762,0.001444778,0.008818723,4000.000078,25.15,-0.001586,25.21,251.8,0.000504,1.618,8.35E-05,0.0017,0.001708,0.01699,-2.87E-08,-2.47E-07,1621,-0.2147,1622,-0.01979,0.0351,626.8,0.002547,1911,-0.003537,-0.0354,520.8,-0.08261,515.1,-0.0767,-0.7669,0.00932,977.3,-0.1254,980.2,0.0398,0.3963,785.9,-0.04956,787.7,0.01575,0.1568,537.1,537.4,-0.03661,1059,9.59E-05,97.04994423,734.1241551,0.003338655,1.779,714.4,0.0095,-0.0002036,-50,3,1,0.482082055,0.517917945
37,37,C:\Users\vinee\Downloads\wav_files\wav_files\shringar_trimmed\S__14.wav,0.002438687,0.055226409,11.22,25.53,16.25,141.6,0.3253,3.247,0.682908772,14.17,7.082,6.154,0.1993,103.7,3.526,96,1.039,2212,5.082,50.73,350.6,249.6,1871,4.559,341,311.5,146.7,1462,4.664,46.42,3.943153846,2.567846154,33.39,0.054205385,1.05985,0.0182455,0.017538333,0.9032,0.3256,3.248,0.01261,0.125,35.05,136.3,0.5167,5.161,1.181,1.576,0.1589,0.01661,0.1659,0.001530337,0.016097356,4000.000078,18.89,0.002346,19.02,190,0.0001456,1.147,-1.85E-06,0.002294,0.002309,0.02294,-4.40E-08,-4.26E-07,1663,-0.1262,1664,0.003456,0.0497,444.6,0.0004922,2176,-0.0003901,-0.003904,983.1,-0.01296,983.4,-0.0307,-0.307,0.00923,690.2,-0.04141,695.4,0.007691,0.07744,590.4,0.07331,594.3,0.00455,0.04601,419.6,422.3,0.001834,566.94,-3.16E-05,-359.4859504,-244.0135996,0.004485414,0.9975,509,-0.0005071,0.0002391,-50,3,1,0.48443775,0.51556225
38,38,C:\Users\vinee\Downloads\wav_files\wav_files\shringar_trimmed\S__15.wav,0.00136439,0.018400223,12.21,26.58,20.28,102.6,0.3753,3.725,0.574094737,30.93,11.84,19.36,0.3814,95.95,1.285,92.61,0.4801,1602,5.864,58.2,381.4,329.2,1388,5.388,320,289.6,120.9,1207,4.407,43.67,6.809076923,2.916384615,70.88,0.07901,2.7258,0.018266667,0.003029111,0.3627,0.07745,0.7756,0.004535,0.04526,35,115.8,0.4817,4.788,4.751,2.074,0.6702,0.04921,0.4831,0.000824936,0.004923068,4000.000078,17.44,-5.11E-18,17.52,174.8,-0.000877,0.9775,-4.38E-05,0.0006868,0.0006942,0.006839,5.63E-09,7.20E-08,1653,-4.77E-17,1656,0.01732,0.02626,429.2,-0.0009034,2072,0.001061,0.01063,290,0.01885,291.8,0.02691,0.2691,0.009453,669.2,0,671.7,-0.01411,-0.1409,545.1,-1.09E-16,547.4,-0.02741,-0.2746,423,424.5,-0.03785,671.8,0.001257102,-4.43E-17,1751.98465,0.002803652,0.3031,443.1,-0.002975,-0.01777,-50,3,1,0.474696276,0.525303724
39,39,C:\Users\vinee\Downloads\wav_files\wav_files\shringar_trimmed\S__2.wav,0.00091072,0.009615006,4.711,10.79,7.992,58.02,0.143,1.429,0.278475439,7.459,4.103,4.766,0.08634,46.67,0.7865,45.86,0.2534,906.6,2.234,22.33,147.2,101.4,820.1,1.93,247.7,246.9,99.09,991.6,3.412,34.12,3.592692308,2.367923077,24.655,0.046071538,0.7691,0.0137792,0.007246556,0.7282,0.2998,3.004,0.00931,0.09309,33.52,161.3,0.4276,4.276,1.203,1.561,0.1518,0.01637,0.1635,0.000688424,0.003771108,4000.000078,28.27,0.002425,28.32,283.2,0.0007598,1.34,-2.31E-06,0.0006073,0.0006121,0.006059,2.20E-08,2.15E-07,1781,-0.2867,1781,-0.0024,0.02452,608.6,0.001625,2193,-0.001431,-0.01433,238.6,0.009682,239.3,0.01663,0.1663,0.009287,949.1,-0.1051,951,0.02539,0.2539,883.5,0.07577,885.1,0.02374,0.2375,816.7,819,0.03032,656.08,-7.66E-05,2895.187755,-7.326984165,0.004170809,1.214,576.1,0.003845,0.000408,-50,3,1,0.483871895,0.516128105
40,40,C:\Users\vinee\Downloads\wav_files\wav_files\shringar_trimmed\S__3.wav,0.000610376,0.003219297,10.82,22.64,15.25,115.9,0.3063,3.056,0.117862105,22.07,7.224,15.55,0.2694,19.44,0.2622,18.58,0.1425,1810,4.787,47.76,338,274.7,1640,4.612,319.2,330.2,98.25,980.6,4.52,44.72,3.458230769,2.516538462,71.5,0.046021538,1.705,0.01412375,0.003029111,0.3627,0.07745,0.7756,0.004535,0.04526,40.44,151.2,0.5817,5.806,1.392,1.634,0.4692,0.01914,0.1912,0.000441207,0.000935,4000.000078,20.87,-0.001367,20.86,208.4,-0.0004005,1.216,-1.93E-05,0.000168,0.0001674,0.001659,1.03E-08,1.02E-07,1743,-0.1172,1744,-0.01524,0.01112,510.6,-0.0007562,2118,0.000137,0.001371,53.43,0.004436,53.32,0.006068,0.06068,0.009692,798.4,-0.0518,798.3,-0.01181,-0.1185,652.2,-0.04272,651.8,-0.01252,-0.1258,438.2,437.9,-0.00974,1314,3.61E-05,-690.7222751,51.34566976,0.000981506,0.3031,651.9,-0.001333,-0.0002471,-50,3,1,0.483959246,0.516040754
41,41,C:\Users\vinee\Downloads\wav_files\wav_files\shringar_trimmed\S__4.wav,0.001565399,0.018306411,10.35,24.62,17.82,84.42,0.3455,3.432,0.258087135,5.67,4.473,2.085,0.07825,41.99,1.11,39.44,0.3666,1319,5.398,53.63,323.5,245.2,1146,4.476,320.4,328.1,121.9,1216,4.428,43.85,3.061923077,2.150153846,29.19,0.042678462,0.9217,0.0204,0.0098262,0.8967,0.3271,3.274,0.0124,0.1229,34.54,157,0.4722,4.715,1.224,1.643,0.1541,0.01754,0.1751,0.00133893,0.007348059,4000.000078,17.05,0.00165,17.02,169.9,0.0008884,1.087,8.18E-05,0.0009935,0.000995,0.009895,3.38E-08,3.46E-07,1628,-0.03135,1628,0.007363,0.03416,453.6,0.002711,2195,0.0005446,0.00545,489.4,0.009366,489.7,0.01753,0.1753,0.009092,710.6,0.02248,709.6,0.04237,0.4309,532.8,0.05156,531.7,0.02776,0.2855,359.4,359.1,0.03284,577.425,-4.94E-05,23.36782547,-145.6354144,0.004597943,1.417,623.5,0.007686,0.0001389,-50,3,1,0.48096437,0.51903563
42,42,C:\Users\vinee\Downloads\wav_files\wav_files\shringar_trimmed\S__5.wav,0.001393317,0.016277233,7.367,17.91,8.656,113.1,0.2384,2.383,1.111565497,2.562,1.302,1.443,0.03511,187.8,1.407,186.7,1.082,1767,3.726,37.24,230.2,95.5,1415,3.088,379.3,303.1,188.9,1886,5.301,52.94,3.908307692,1.670846154,75.51,0.049014615,1.06665,0.00572,0.005163873,0.7297,0.5346,5.348,0.008485,0.08487,28.79,196.3,0.4272,4.269,1.255,1.563,0.4531,0.01742,0.174,0.001043949,0.006117604,4000.000078,19.02,0.008614,19.08,190.7,-0.0005025,1.166,-3.92E-05,0.0004983,0.0005044,0.005025,-8.34E-08,-8.45E-07,1765,-0.2821,1766,-0.009291,0.03062,465.2,-0.001058,2202,0,0,409.2,-0.03921,412.2,-0.001163,-0.01173,0.009423,726,-0.1849,727.2,-0.01654,-0.1647,594.4,0.2692,596.2,-0.0157,-0.1564,545.9,551,-0.02988,630.9,-0.000622232,1757.368236,472.3606556,0.006775864,1.553,638.7,-0.002455,0.002977,-50,3,1,0.485795042,0.514204958
43,43,C:\Users\vinee\Downloads\wav_files\wav_files\shringar_trimmed\S__6.wav,0.001328772,0.015121249,10.76,25.77,17.5,155.1,0.304,3.036,0.554816374,35.57,10.95,28.14,0.3529,93.72,1.191,90.25,0.4979,2424,4.749,47.43,336.3,239.6,1991,4.043,429.1,371.1,206.8,2064,5.478,54.45,4.641153846,3.044230769,85.94,0.056512308,1.4121,0.013021,0.0061308,0.8477,0.3563,3.563,0.01118,0.1109,33.86,144.1,0.435,4.341,1.265,1.588,0.3174,0.01751,0.1749,0.000905642,0.005172589,4000.000078,16.65,0.002172,16.56,165.3,0.00204,0.9925,0.0001503,0.0008356,0.0008382,0.008308,2.46E-07,2.45E-06,1638,-0.05135,1640,0.02103,0.02758,438.6,0.006472,1747,0.02422,0.2422,317.9,0.06632,318.9,0.0642,0.642,0.009342,688,0.03127,686,0.1011,1.012,520.4,0.06789,517.4,0.06375,0.6381,391.1,386.7,0.04849,656.315,0.001027124,2054.897447,384.2461022,0.003039236,0.9787,439.7,0.009999,-0.001343,-50,3,1,0.487023093,0.512976907
44,44,C:\Users\vinee\Downloads\wav_files\wav_files\shringar_trimmed\S__7.wav,0.001040663,0.015745881,11.31,25.28,21.99,100.4,0.33,3.296,0.217865789,48.8,8.838,44.71,0.3718,32.1,1.214,30.91,0.2728,1569,5.156,51.5,353.4,329.9,1335,4.66,386.1,417.6,124.8,1244,5.277,51.97,3.262153846,3.225461538,59.33,0.043945385,1.959,0.012952,0.007,1.39,0.4192,4.198,0.01878,0.1877,42.02,183.1,0.5691,5.688,1.553,1.834,0.376,0.02155,0.2153,0.00075392,0.003825156,4000.000078,17.28,-0.0006879,17.29,172.6,-3.73E-06,1.184,-8.16E-06,0.001586,0.001584,0.01543,-3.30E-08,-3.05E-07,1604,-0.04775,1604,-0.007094,0.01899,473.7,0.0002441,1203,0.005305,0.05304,161.1,-0.002186,161.1,-0.001934,-0.01934,0.01115,740.4,-0.04886,741.1,0.003814,0.03801,539.9,-0.0215,540.4,-0.0001164,-0.001668,298.3,298.5,-0.00931,1218,-8.69E-06,324.6558639,122.3624835,0.001773273,1.885,626.3,-0.0003373,-0.0003047,-50,3,1,0.492518253,0.507481747
45,45,C:\Users\vinee\Downloads\wav_files\wav_files\shringar_trimmed\S__8.wav,0.001189908,0.008542152,15.74,34.69,30.32,114.3,0.534,5.339,0.188368772,11.7,2.194,10.58,0.1279,31.43,0.728,30.56,0.2551,1786,8.343,83.43,491.8,473.5,1637,7.372,469.4,547.7,134.3,1324,6.798,67,2.631923077,2.693538462,25.18,0.034747692,0.9448,0.0081,0.003552889,2.444,0.5632,5.638,0.03622,0.361,69.6,168.3,1.016,10.15,1.165,1.591,0.2478,0.0164,0.1638,0.001244359,0.00403326,4000.000078,26.88,0.007293,26.85,268.1,-0.0007651,1.932,-1.70E-05,0.001039,0.00104,0.01036,-2.66E-08,-2.63E-07,1589,-0.2524,1590,-0.005223,0.02326,770.5,-0.0008159,1656,0,0,257.8,0.0007771,257.3,-0.002273,-0.02273,0.009412,1205,0.0284,1205,-0.01275,-0.1275,839.9,0.2279,839.1,-0.02391,-0.2393,323.4,322,-0.06312,1082,1.22E-06,-17.51929784,109.2567514,0.002562241,2.73,905,0.001373,0.0007581,-50,3,1,0.485184738,0.514815262
46,46,C:\Users\vinee\Downloads\wav_files\wav_files\shringar_trimmed\S__9.wav,0.002022689,0.03859133,8.606,17.8,13.2,72.06,0.2488,2.487,0.976314035,33.25,14.79,21.52,0.4046,163.4,2.457,154.1,1.061,1126,3.887,38.85,268.9,213.5,1047,3.745,334.6,251.1,129.5,1295,4.614,46.13,4.131923077,2.562846154,42.57,0.052845385,1.018,0.015415667,0.016058,0.6294,0.2083,2.085,0.008675,0.0862,34.4,122.5,0.4391,4.387,1.272,1.667,0.2173,0.01724,0.1722,0.001259694,0.01099692,4000.000078,18.75,0.0001427,18.83,188.1,0.0003038,1.049,-4.60E-06,0.001476,0.001484,0.01473,1.10E-07,1.10E-06,1675,-0.1953,1676,0.001317,0.04147,444.8,0.0004574,1959,-0.002545,-0.02545,699.6,0.06707,704,0.06926,0.6926,0.009092,692.5,-0.05927,695.4,0.007147,0.07234,585.8,0.004459,588.4,0.009492,0.0955,506.3,508.1,0.004765,597.99,0.000311584,-255.4379966,386.2101019,0.003680989,1.029,528.8,0.002976,-0.001181,-50,3,0,0.501238257,0.498761743
47,47,C:\Users\vinee\Downloads\wav_files\wav_files\veera_trimmed\veera__1.wav,0.001116935,0.007502409,24.06,47.84,24.12,363.4,0.5459,5.457,0.496747953,8.277,4.916,5.196,0.1013,84.16,0.7826,82.04,0.6328,5678,8.53,85.27,751.8,371.5,5755,8.489,914.6,846.1,537.3,5359,11.44,113.9,3.666230769,2.157615385,129.3,0.044288462,1.507,0.014903333,0.004471636,1.753,0.9599,9.593,0.0227,0.2266,65.31,339.4,0.8795,8.785,1.203,1.582,0.3582,0.01669,0.1667,0.000958423,0.002617983,4000.000078,37.18,0.0002816,37.12,370.9,0.001005,2.488,5.25E-05,0.0004794,0.0004798,0.004789,-2.21E-08,-2.21E-07,1634,0.01552,1634,0.001017,0.01818,924.1,0.001766,2185,0,0,165.4,-0.006281,165.5,-0.006032,-0.06032,0.009622,1447,0.0213,1445,0.0276,0.2757,1162,0.008801,1160,0.0314,0.3135,742.1,741.5,0.03186,1142,-0.000220382,-274.3855247,-138.4037264,0.002152756,2.831,1104,0.0003081,0.0004772,-50,4,0,0.50333478,0.49666522
48,48,C:\Users\vinee\Downloads\wav_files\wav_files\veera_trimmed\veera__10.wav,0.002671141,0.050050355,26.58,55.66,32.16,348.6,0.6789,6.781,2.12147193,24.3,6.999,21.41,0.221,358.8,3.476,355.6,1.4,5447,10.61,105.9,830.7,544.8,4727,10.45,1059,1105,354.1,3496,14.79,146.5,4.116384615,2.705692308,124.1,0.049718462,1.729,0.014055,0.011583182,2.419,1.165,11.63,0.03218,0.3206,61.27,338.7,0.9588,9.572,1.344,1.629,0.6004,0.01705,0.1703,0.001872325,0.012892032,4000.000078,34.05,-0.000699,34.13,340.7,-0.001546,2.454,-3.97E-05,0.002899,0.002915,0.029,4.10E-07,4.08E-06,1642,-0.01597,1642,-0.02134,0.0396,870.2,-0.00144,2118,0,0,761.9,0.0751,764,0.08757,0.8757,0.009502,1356,-0.007843,1361,-0.02249,-0.2259,1064,-0.02184,1066,-0.0483,-0.4838,587.2,585.6,-0.0789,1038,0.000246924,269.2358949,164.572112,0.004706609,2.439,859.6,0.003692,-0.001762,-50,4,1,0.495026291,0.504973709
49,49,C:\Users\vinee\Downloads\wav_files\wav_files\veera_trimmed\veera__11.wav,0.001414977,0.012178272,17.25,38.69,28.77,228.7,0.489,4.885,0.282915205,6.334,3.101,5.342,0.06418,47.16,0.6537,44.76,0.4535,3574,7.641,76.33,539,492,2824,6.929,807.6,924.7,310.8,3106,10.92,108.9,4.030307692,3.188769231,14.007,0.055343077,0.93625,0.023328,0.005802545,1.225,0.5755,5.754,0.01652,0.165,49.76,168.6,0.6175,6.172,1.201,1.569,0.2834,0.01703,0.1702,0.000962817,0.003663647,4000.000078,36.11,0.004278,36.11,360.8,0.004371,2.484,0.0004651,0.0009354,0.0009401,0.00938,-2.03E-07,-2.03E-06,1777,-0.3403,1775,0.01133,0.024,889.6,0.01252,2151,0.002936,0.02936,246.3,-0.02559,247.1,-0.01702,-0.1702,0.009234,1390,-0.0627,1391,0.1956,1.956,1128,0.1337,1128,0.1366,1.365,825,822.2,0.05649,591.905,-2.65E-05,733.506135,209.5710413,0.004018286,2.111,867.6,0.009545,-0.00066,-50,4,1,0.493017703,0.506982297
50,50,C:\Users\vinee\Downloads\wav_files\wav_files\veera_trimmed\veera__12.wav,0.001595667,0.017666233,14.85,29.02,20.5,160.2,0.3687,3.687,0.606372515,14.19,6.042,9.781,0.1727,102.4,1.029,99.12,0.6174,2504,5.761,57.61,464,355.7,2481,5.909,811.8,846.4,356.7,3571,10.92,109.2,3.556538462,2.526538462,74.96,0.046386923,1.59,0.013566,0.004699708,1.902,0.842,8.428,0.02591,0.2591,60.41,221,0.8105,8.106,1.262,1.617,0.3473,0.01746,0.1744,0.001244599,0.004442152,4000.000078,47.22,0.001628,47.26,472.4,-0.0005117,2.801,-4.23E-06,0.001258,0.001267,0.01263,2.85E-10,3.27E-09,1591,0.01899,1591,0.002031,0.02429,1001,-0.001386,2124,0.002206,0.02207,286.2,0.005909,287.9,0.01102,0.1101,0.009347,1563,0.05523,1564,-0.02165,-0.2137,1476,0.05088,1477,-0.01599,-0.1565,1240,1241,-0.02969,1056,9.11E-05,-55.2474166,-91.64482355,0.002788,3.724,1273,0.007002,0.0002889,-50,4,0,0.500350081,0.499649919
51,51,C:\Users\vinee\Downloads\wav_files\wav_files\veera_trimmed\veera__13.wav,0.003421688,0.072390305,23.15,48.51,33.37,209.7,0.5934,5.934,4.421888889,51.99,18.71,36.68,0.5576,747.2,10.86,727.7,3.862,3276,9.272,92.72,723.3,541.1,3070,8.813,681.1,613.7,368.4,3674,8.721,85.94,3.267461538,2.551384615,115.8,0.041687692,2.218,0.009815,0.008185318,3.534,1.03,10.29,0.04442,0.4437,78.95,314.6,1.197,11.95,1.396,1.571,0.5723,0.01839,0.1837,0.003720859,0.04047123,4000.000078,29.6,0.004804,29.78,297,0.001705,2.272,0.0001357,0.008067,0.008125,0.08065,1.12E-06,1.12E-05,1574,0.007316,1575,0.01401,0.06887,802.8,0.004236,1881,-0.000206,-0.002063,2390,0.3112,2400,0.3041,3.041,0.009504,1249,0.1894,1256,0.06618,0.6655,924.9,0.1501,930.5,0.05328,0.5362,308.9,310.6,0.01168,868.9,0.000307326,-211.8783647,-226.6751368,0.006848808,3.287,943,0.007517,-0.00126,-50,4,1,0.488357178,0.511642822
52,52,C:\Users\vinee\Downloads\wav_files\wav_files\veera_trimmed\veera__14.wav,0.001202873,0.011322853,8.764,21.58,17.3,95.18,0.2841,2.841,0.19953848,11.25,5.667,8.067,0.119,33.45,0.6614,32.13,0.2443,1487,4.439,44.39,273.9,228.8,1274,3.555,397.6,415.8,151.6,1511,5.365,53.55,3.312615385,2.681769231,30.82,0.044501538,1.212,0.0130512,0.005570091,1.151,0.4603,4.601,0.01518,0.1515,49.59,149.7,0.6112,6.108,1.289,1.69,0.2167,0.01796,0.1794,0.00100739,0.003828235,4000.000078,26.08,0.002253,26.08,260.7,6.29E-05,1.58,-8.32E-06,0.0008833,0.0008882,0.008851,1.91E-08,1.92E-07,1626,-0.07365,1627,-0.001876,0.02423,620.5,-2.05E-05,2123,0.004264,0.04264,252.8,0.007147,253.3,0.006614,0.06614,0.009174,970.6,-0.04131,970,-0.000321,-0.001246,815,0.07042,815,0.001964,0.02154,609.5,610.9,0.01117,1080,8.02E-05,578.7004693,81.7838661,0.002604222,1.875,811.7,0.002642,0.0007446,-50,4,1,0.487561301,0.512438699
53,53,C:\Users\vinee\Downloads\wav_files\wav_files\veera_trimmed\veera__15.wav,0.001532198,0.0216888,7.246,16.34,13.26,44.37,0.2387,2.386,0.211124561,8.645,4.334,6.072,0.1016,31.81,1.461,29.28,0.2983,693.2,3.73,37.28,226.4,181.6,581.5,3.314,271.4,293,49.72,496.2,3.941,39.3,3.697153846,2.741153846,30.845,0.05338,1.40835,0.0175572,0.010114,0.7744,0.2803,2.801,0.01084,0.1083,34.57,73.75,0.4404,4.398,1.246,1.654,0.1331,0.0178,0.1778,0.001242784,0.007922128,4000.000078,19.25,0.0004776,19.18,191.7,0.0004118,1.123,5.70E-05,0.001946,0.001962,0.01955,1.12E-07,1.13E-06,1607,-0.02073,1607,-0.02108,0.03534,453.4,0.0008982,2142,0,0,507.5,0.001354,506.9,0.004418,0.04418,0.009197,710,-0.01817,708.9,0.01403,0.1409,601.4,0.01493,599.4,0.01287,0.1291,482.5,480.1,-0.006362,562.055,0.000165964,-31.30537555,28.41571685,0.006276363,1.269,547.2,0.00698,0.0002423,-50,4,1,0.491237685,0.508762315
54,54,C:\Users\vinee\Downloads\wav_files\wav_files\veera_trimmed\veera__2.wav,0.001452312,0.012570252,11.42,25.21,13.92,184.2,0.2877,2.876,1.241739766,18.56,6.416,15.3,0.1847,210.6,1.324,205.5,1.021,2878,4.495,44.94,357,187.4,2704,3.89,487.4,481.4,271.5,2712,5.973,59.58,3.576923077,1.900923077,153.4,0.042287692,1.951,0.0127095,0.006566889,1.4,0.901,9.01,0.01732,0.1731,49.09,317.8,0.6949,6.944,1.255,1.558,0.4966,0.01708,0.1706,0.001202937,0.004433664,4000.000078,28.78,-0.002153,28.8,287.9,-0.001945,1.877,-0.0001017,0.0006342,0.0006314,0.0063,1.56E-07,1.56E-06,1694,-0.119,1694,-0.008668,0.02245,711,-0.003135,2100,0.002569,0.0257,267.3,0.06554,264.9,0.07258,0.7258,0.01008,1111,-0.1415,1111,-0.04899,-0.4902,899.5,-0.06729,900,-0.06078,-0.608,590,591.1,-0.06561,1067,0.000426075,492.9281799,206.906449,0.002983621,2.932,1108,-0.005695,-0.0006059,-50,4,1,0.489517809,0.510482191
55,55,C:\Users\vinee\Downloads\wav_files\wav_files\veera_trimmed\veera__3.wav,0.001885552,0.02974951,8.747,19.05,15.94,98.82,0.2395,2.394,3.146175439,41.06,14.25,31.67,0.4109,536.5,3.52,536.9,2.217,1544,3.742,37.4,273.4,209.5,1792,3.118,366.7,304,255.1,2550,4.06,40.51,2.622384615,1.945846154,49.27,0.031086923,0.6717,0.011689,0.01506,1.022,0.4272,4.278,0.01372,0.1368,38.01,162.1,0.4971,4.965,1.26,1.592,0.3907,0.01744,0.1742,0.002054066,0.016770273,4000.000078,15.84,0.0009156,15.95,159.3,0.001322,1.026,9.93E-05,0.002838,0.002861,0.02849,-2.59E-07,-2.57E-06,1564,-0.236,1565,-0.02006,0.04891,464.2,0.002689,1989,0.02501,0.2503,1095,0.02489,1094,0.09251,0.9248,0.009103,721.8,-0.03552,725.8,0.04202,0.4195,494.9,0.02861,498.3,0.04133,0.4121,282.8,286.1,0.0155,500.415,-0.000112452,354.9346492,-628.988685,0.005144407,1.723,624.7,0.003756,0.0005521,-50,4,1,0.490136473,0.509863527
56,56,C:\Users\vinee\Downloads\wav_files\wav_files\veera_trimmed\veera__4.wav,0.001678592,0.017819605,9.114,20.32,14.2,147.1,0.2162,2.162,2.222046784,1.23,1.005,0.2121,0.01766,379.5,1.772,368.1,1.12,2298,3.379,33.78,284.8,183.1,2205,2.819,364.7,371.9,225,2250,4.312,42.93,2.698153846,1.886,97.36,0.029898462,0.8418,0.0107288,0.007851,0.9528,0.5621,5.622,0.01183,0.1182,44.99,202,0.5348,5.343,1.259,1.579,0.4986,0.0165,0.1647,0.001822906,0.009447627,4000.000078,25.25,-0.0001965,25.41,254,7.92E-05,1.683,3.02E-05,0.001528,0.001532,0.0153,7.59E-07,7.57E-06,1709,-0.1254,1708,-0.03579,0.03556,682.4,0.003081,2206,0,0,637.5,0.3334,635.5,0.3681,3.681,0.009219,1061,-0.1083,1066,0.04813,0.4816,789.2,-0.006142,794.1,0.002474,0.0251,441.9,446.6,-0.02952,944.9,0.000666753,620.2009071,929.4044598,0.005327073,2.598,943.8,0.005158,-0.004257,-50,4,1,0.48875962,0.51124038
57,57,C:\Users\vinee\Downloads\wav_files\wav_files\veera_trimmed\veera__5.wav,0.00152152,0.021375386,6.655,17.54,16.68,86.22,0.2372,2.371,1.561250877,20.27,10.79,9.73,0.2392,264.1,2.662,249,1.4,1347,3.707,37.04,208,189.8,1213,2.659,188,203.9,96,958.2,2.435,24.1,2.391307692,2.142307692,24.98366667,0.031663846,0.6143,0.012364,0.008798222,0.9827,0.5577,5.584,0.01271,0.1269,35.6,222.8,0.4646,4.639,1.305,1.59,0.4829,0.0176,0.1757,0.001783413,0.013320539,4000.000078,12.67,0.0007661,12.72,127.1,0.001522,0.7932,0.0001263,0.002377,0.002418,0.02407,6.02E-07,6.00E-06,1613,-0.08333,1613,0.0348,0.04448,392.7,0.005075,2132,0.002567,0.0257,895.6,0.2711,905.4,0.3037,3.037,0.009291,612.2,-0.01612,614.2,0.07929,0.7928,395.8,0.02394,397.6,0.04756,0.4753,180.1,181.5,0.008235,353.21,0.000405312,2196.118012,1438.331486,0.005948512,1.406,523.1,0.007781,-0.002278,-50,4,1,0.496176403,0.503823597
58,58,C:\Users\vinee\Downloads\wav_files\wav_files\veera_trimmed\veera__6.wav,0.003695266,0.057290547,16.98,31.88,25.96,149.9,0.4197,4.195,1.991510526,30.63,12.48,24.61,0.3247,337.5,4.338,328.3,2.35,2342,6.558,65.54,530.7,474.8,2338,6.979,792.3,862.1,218.9,2181,10.94,109.1,2.819307692,2.443615385,59.78,0.037457692,1.292,0.015263333,0.007299,2.787,1.104,11.05,0.03752,0.3749,78.42,293.2,0.9417,9.415,1.182,1.608,0.2854,0.01626,0.1624,0.00400332,0.023268441,4000.000078,48.94,0.0008978,49.12,491,0.001137,3.343,0.0001273,0.006192,0.006228,0.06215,2.54E-07,2.53E-06,1559,-0.02366,1559,0.002722,0.04976,1157,0.003175,1989,-0.004549,-0.04544,1530,0.09098,1535,0.1011,1.011,0.009243,1802,-0.03119,1808,0.04961,0.4963,1529,0.02806,1535,0.03552,0.3553,863.4,867.9,-0.005392,795.9,5.11E-05,-905.0058293,-569.4508448,0.00685875,6.074,1752,0.009897,0.0005124,-50,4,1,0.494495604,0.505504396
59,59,C:\Users\vinee\Downloads\wav_files\wav_files\veera_trimmed\veera__7.wav,0.003004396,0.066701488,14.27,29.58,24.5,73.74,0.4025,4.004,2.058334503,19.6,7.883,15.12,0.2186,347.2,5.727,342.1,1.999,1152,6.289,62.56,445.9,420,1049,6.06,370,418.9,109,1086,5.013,49.01,3.818384615,3.574307692,60.24,0.052679231,3.008,0.00696,0.0096332,0.3627,0.07745,0.7756,0.004535,0.04526,45.88,121.5,0.6352,6.336,1.242,1.624,0.288,0.01749,0.1746,0.002956243,0.030815668,4000.000078,19.5,-0.002042,19.46,194.1,0.0002114,1.252,3.87E-05,0.006225,0.006228,0.06207,-2.13E-07,-2.13E-06,1593,-0.06256,1594,0.0009531,0.06741,530.9,0.00127,2124,0.0001721,0.001723,2013,0.03722,2012,0.0716,0.716,0.009077,832.3,-0.1375,830.6,0.01985,0.1962,609.2,-0.06381,608.1,0.006606,0.06427,320.4,320.2,-0.0243,880.5,-3.41E-05,298.0520941,-281.6369161,0.008001822,0.3031,658.2,0.001152,0.0001798,-50,4,1,0.49548775,0.50451225
60,60,C:\Users\vinee\Downloads\wav_files\wav_files\veera_trimmed\veera__8.wav,0.00109967,0.008050485,15.54,33.34,25.04,141.2,0.4592,4.578,0.516334503,36.41,15.09,25.22,0.4514,87.69,0.7499,86.98,0.4604,2206,7.175,71.53,485.5,414.1,1815,6.786,393.1,411.2,116.9,1159,5.564,54.1,3.817230769,2.584153846,146.6,0.048288462,2.206,0.008315,0.006158,0.3627,0.07745,0.7756,0.004535,0.04526,47.54,148.4,0.5985,5.973,1.282,1.688,0.328,0.01764,0.1762,0.001006248,0.003296345,4000.000078,20.27,0.002207,20.44,204,0.002671,1.436,0.0001903,0.0007929,0.0007984,0.007957,5.91E-08,5.93E-07,1589,-0.04069,1590,-0.002816,0.02085,581.7,0.007338,1991,0.01632,0.1632,208.1,-0.00423,209.2,-0.01255,-0.1256,0.009481,903,0.03531,910,0.1147,1.148,633.4,0.06898,638.7,0.08347,0.8356,279.4,282.1,0.0331,1150,0.000455822,3644.643825,420.8519973,0.002515,0.3031,667.9,0.01068,-0.0001492,-50,4,1,0.499937639,0.500062361
61,61,C:\Users\vinee\Downloads\wav_files\wav_files\veera_trimmed\veera__9.wav,0.00231249,0.037396457,22.61,44.13,34.98,182.9,0.5002,4.984,1.280938596,36.39,7.226,33.3,0.2904,215.3,2.746,211.8,1.107,2858,7.816,77.88,706.5,627.4,3035,8.02,774.4,787.2,362.6,3616,9.5,93.57,3.322923077,2.590692308,65.41,0.040106154,1.164,0.01073,0.008197625,2.405,0.6739,6.735,0.02798,0.2777,63.64,212.7,0.7482,7.461,1.26,1.637,0.325,0.01617,0.1615,0.001830577,0.01174693,4000.000078,28.51,0.0001503,28.58,285.1,0.0002988,1.921,2.52E-05,0.002685,0.002687,0.02672,-1.33E-08,-1.32E-07,1609,-0.02954,1610,0.001163,0.0395,731.6,0.0006949,1889,0,0,721.5,0.0165,722.2,0.023,0.23,0.009523,1142,0,1145,0.01086,0.1087,891,0.004696,893.2,0.009337,0.09388,526.7,528.5,0.006002,1020,1.97E-05,16.65171637,52.86998369,0.004823581,2.334,782.9,0.001476,0.000214,-50,4,,,