<?xml version="1.0"?>
<!DOCTYPE feature_key_file [
   <!ELEMENT feature_key_file (comments, feature+)>
   <!ELEMENT comments (#PCDATA)>
   <!ELEMENT feature (name, description?, is_sequential, parallel_dimensions)>
   <!ELEMENT name (#PCDATA)>
   <!ELEMENT description (#PCDATA)>
   <!ELEMENT is_sequential (#PCDATA)>
   <!ELEMENT parallel_dimensions (#PCDATA)>
]>

<feature_key_file>

   <comments></comments>

   <feature>
      <name>Spectral Centroid</name>
      <description>The centre of mass of the power spectrum.</description>
      <is_sequential>true</is_sequential>
      <parallel_dimensions>1</parallel_dimensions>
   </feature>

   <feature>
      <name>Derivative of Spectral Rolloff Point</name>
      <description>Derivative of Spectral Rolloff Point.The fraction of bins in the power spectrum at which 85% of the power is at lower frequencies. This is a measure of the right-skewedness of the power spectrum.</description>
      <is_sequential>true</is_sequential>
      <parallel_dimensions>1</parallel_dimensions>
   </feature>

   <feature>
      <name>Derivative of Zero Crossings</name>
      <description>Derivative of Zero Crossings.The number of times the waveform changed sign. An indication of frequency as well as noisiness.</description>
      <is_sequential>true</is_sequential>
      <parallel_dimensions>1</parallel_dimensions>
   </feature>

   <feature>
      <name>Derivative of Strongest Frequency Via Zero Crossings</name>
      <description>Derivative of Strongest Frequency Via Zero Crossings.The strongest frequency component of a signal, in Hz, found via the number of zero-crossings.</description>
      <is_sequential>true</is_sequential>
      <parallel_dimensions>1</parallel_dimensions>
   </feature>

   <feature>
      <name>Standard Deviation of Strongest Frequency Via Zero Crossings</name>
      <description>Standard Deviation of Strongest Frequency Via Zero Crossings.The strongest frequency component of a signal, in Hz, found via the number of zero-crossings.</description>
      <is_sequential>true</is_sequential>
      <parallel_dimensions>1</parallel_dimensions>
   </feature>

   <feature>
      <name>Derivative of Strongest Frequency Via Spectral Centroid</name>
      <description>Derivative of Strongest Frequency Via Spectral Centroid.The strongest frequency component of a signal, in Hz, found via the spectral centroid.</description>
      <is_sequential>true</is_sequential>
      <parallel_dimensions>1</parallel_dimensions>
   </feature>

   <feature>
      <name>Derivative of Running Mean of Strongest Frequency Via Spectral Centroid</name>
      <description>Derivative of Running Mean of Strongest Frequency Via Spectral Centroid.Running Mean of Strongest Frequency Via Spectral Centroid. The strongest frequency component of a signal, in Hz, found via the spectral centroid.</description>
      <is_sequential>true</is_sequential>
      <parallel_dimensions>1</parallel_dimensions>
   </feature>

   <feature>
      <name>Strongest Frequency Via FFT Maximum</name>
      <description>The strongest frequency component of a signal, in Hz, found via finding the FFT bin with the highest power.</description>
      <is_sequential>true</is_sequential>
      <parallel_dimensions>1</parallel_dimensions>
   </feature>

   <feature>
      <name>Derivative of Strongest Frequency Via FFT Maximum</name>
      <description>Derivative of Strongest Frequency Via FFT Maximum.The strongest frequency component of a signal, in Hz, found via finding the FFT bin with the highest power.</description>
      <is_sequential>true</is_sequential>
      <parallel_dimensions>1</parallel_dimensions>
   </feature>

   <feature>
      <name>ConstantQ</name>
      <description>signal to frequency transform using exponential-spaced frequency bins.</description>
      <is_sequential>true</is_sequential>
      <parallel_dimensions>96</parallel_dimensions>
   </feature>

	<feature>
		<name>Zernike Moments: ConstantQ</name>
		<description>2D moments constructed from features ConstantQ.</description>
		<is_sequential>true</is_sequential>
		<parallel_dimensions>29</parallel_dimensions>
	</feature>
</feature_key_file>