{
    "data_set_id": "aaramb.wav",
    "Spectral Centroid Overall Standard Deviation": "1.406E1",
    "Derivative of Spectral Rolloff Point Overall Standard Deviation": "1.224E-1",
    "Derivative of Zero Crossings Overall Standard Deviation": "2.254E1",
    "Derivative of Strongest Frequency Via Zero Crossings Overall Standard Deviation": "3.522E2",
    "Standard Deviation of Strongest Frequency Via Zero Crossings Overall Standard Deviation": "2.101E3",
    "Derivative of Strongest Frequency Via Spectral Centroid Overall Standard Deviation": "3.718E2",
    "Derivative of Running Mean of Strongest Frequency Via Spectral Centroid Overall Standard Deviation": "6.176E0",
    "Strongest Frequency Via FFT Maximum Overall Standard Deviation": "3.825E2",
    "Derivative of Strongest Frequency Via FFT Maximum Overall Standard Deviation": "4.008E2",
    "LPC Overall Standard Deviation": [
        "1.101E-1",
        "3.341E-1",
        "2.658E-1",
        "1.879E-1",
        "1.525E-1",
        "1.51E-1",
        "1.341E-1",
        "1.371E-1",
        "1.161E-1",
        "0E0"
    ],
    "Area Method of Moments of MFCCs Overall Standard Deviation": [
        "1.591E0",
        "1.346E0",
        "1.139E0",
        "9.638E-1",
        "8.155E-1",
        "6.9E-1",
        "5.839E-1",
        "4.94E-1",
        "4.18E-1",
        "3.537E-1",
        "1.273E0",
        "1.077E0",
        "9.112E-1",
        "7.71E-1",
        "6.524E-1",
        "5.52E-1",
        "4.671E-1",
        "3.952E-1",
        "3.344E-1",
        "2.83E-1",
        "1.018E0",
        "8.615E-1",
        "7.289E-1",
        "6.168E-1",
        "5.219E-1",
        "4.416E-1",
        "3.737E-1",
        "3.162E-1",
        "2.675E-1",
        "2.264E-1",
        "8.145E-1",
        "6.892E-1",
        "5.832E-1",
        "4.934E-1",
        "4.175E-1",
        "3.533E-1",
        "2.989E-1",
        "2.529E-1",
        "2.14E-1",
        "1.811E-1",
        "6.516E-1",
        "5.514E-1",
        "4.665E-1",
        "3.948E-1",
        "3.34E-1",
        "2.826E-1",
        "2.392E-1",
        "2.024E-1",
        "1.712E-1",
        "1.449E-1",
        "5.213E-1",
        "4.411E-1",
        "3.732E-1",
        "3.158E-1",
        "2.672E-1",
        "2.261E-1",
        "1.913E-1",
        "1.619E-1",
        "1.37E-1",
        "1.159E-1",
        "4.17E-1",
        "3.529E-1",
        "2.986E-1",
        "2.526E-1",
        "2.138E-1",
        "1.809E-1",
        "1.531E-1",
        "1.295E-1",
        "1.096E-1",
        "9.273E-2",
        "3.336E-1",
        "2.823E-1",
        "2.389E-1",
        "2.021E-1",
        "1.71E-1",
        "1.447E-1",
        "1.224E-1",
        "1.036E-1",
        "8.767E-2",
        "7.418E-2",
        "2.669E-1",
        "2.258E-1",
        "1.911E-1",
        "1.617E-1",
        "1.368E-1",
        "1.158E-1",
        "9.796E-2",
        "8.289E-2",
        "7.013E-2",
        "5.934E-2",
        "2.135E-1",
        "1.807E-1",
        "1.529E-1",
        "1.294E-1",
        "1.095E-1",
        "9.261E-2",
        "7.837E-2",
        "6.631E-2",
        "5.611E-2",
        "4.748E-2"
    ],
    "Spectral Centroid Overall Average": "1.948E1",
    "Derivative of Spectral Rolloff Point Overall Average": "0E0",
    "Derivative of Zero Crossings Overall Average": "0E0",
    "Derivative of Strongest Frequency Via Zero Crossings Overall Average": "0E0",
    "Standard Deviation of Strongest Frequency Via Zero Crossings Overall Average": "8.639E3",
    "Derivative of Strongest Frequency Via Spectral Centroid Overall Average": "-6.614E-17",
    "Derivative of Running Mean of Strongest Frequency Via Spectral Centroid Overall Average": "-1.591E-2",
    "Strongest Frequency Via FFT Maximum Overall Average": "2.909E2",
    "Derivative of Strongest Frequency Via FFT Maximum Overall Average": "0E0",
    "LPC Overall Average": [
        "-9.152E-1",
        "3.035E-1",
        "-5.684E-2",
        "-1.118E-2",
        "4.393E-2",
        "2.61E-3",
        "-3.472E-2",
        "3.06E-2",
        "3.619E-2",
        "0E0"
    ],
    "Area Method of Moments of MFCCs Overall Average": [
        "-1.474E-1",
        "-1.247E-1",
        "-1.055E-1",
        "-8.93E-2",
        "-7.556E-2",
        "-6.394E-2",
        "-5.41E-2",
        "-4.578E-2",
        "-3.874E-2",
        "-3.278E-2",
        "-1.179E-1",
        "-9.978E-2",
        "-8.443E-2",
        "-7.144E-2",
        "-6.045E-2",
        "-5.115E-2",
        "-4.328E-2",
        "-3.662E-2",
        "-3.099E-2",
        "-2.622E-2",
        "-9.434E-2",
        "-7.983E-2",
        "-6.754E-2",
        "-5.715E-2",
        "-4.836E-2",
        "-4.092E-2",
        "-3.462E-2",
        "-2.93E-2",
        "-2.479E-2",
        "-2.098E-2",
        "-7.547E-2",
        "-6.386E-2",
        "-5.404E-2",
        "-4.572E-2",
        "-3.869E-2",
        "-3.274E-2",
        "-2.77E-2",
        "-2.344E-2",
        "-1.983E-2",
        "-1.678E-2",
        "-6.038E-2",
        "-5.109E-2",
        "-4.323E-2",
        "-3.658E-2",
        "-3.095E-2",
        "-2.619E-2",
        "-2.216E-2",
        "-1.875E-2",
        "-1.587E-2",
        "-1.343E-2",
        "-4.83E-2",
        "-4.087E-2",
        "-3.458E-2",
        "-2.926E-2",
        "-2.476E-2",
        "-2.095E-2",
        "-1.773E-2",
        "-1.5E-2",
        "-1.269E-2",
        "-1.074E-2",
        "-3.864E-2",
        "-3.27E-2",
        "-2.767E-2",
        "-2.341E-2",
        "-1.981E-2",
        "-1.676E-2",
        "-1.418E-2",
        "-1.2E-2",
        "-1.015E-2",
        "-8.592E-3",
        "-3.091E-2",
        "-2.616E-2",
        "-2.213E-2",
        "-1.873E-2",
        "-1.585E-2",
        "-1.341E-2",
        "-1.135E-2",
        "-9.6E-3",
        "-8.123E-3",
        "-6.874E-3",
        "-2.473E-2",
        "-2.093E-2",
        "-1.771E-2",
        "-1.498E-2",
        "-1.268E-2",
        "-1.073E-2",
        "-9.077E-3",
        "-7.68E-3",
        "-6.499E-3",
        "-5.499E-3",
        "-1.978E-2",
        "-1.674E-2",
        "-1.417E-2",
        "-1.199E-2",
        "-1.014E-2",
        "-8.582E-3",
        "-7.261E-3",
        "-6.144E-3",
        "-5.199E-3",
        "-4.399E-3"
    ]
}